{"target": 0.06942386412642973, "params": {"lambda_i": 0.07209075284029376, "lambda_j": 0.9333743598241586, "learning_rate": 0.0568953384306069, "sgd_mode": 1.4284563326386182, "topK": 5.2403222598596395}, "datetime": {"datetime": "2018-12-08 14:41:43", "elapsed": 0.0, "delta": 0.0}}
