{"target": 0.07434586599150803, "params": {"alpha": 38.146896800792526, "factors": 232.00602387581728, "iterations": 43.303535411220295, "regularization": 0.8430021893118262}, "datetime": {"datetime": "2018-12-20 16:48:28", "elapsed": 0.0, "delta": 0.0}}
