{"target": 0.06168160139518749, "params": {"lambda_i": 2.660084132748742, "lambda_j": 1.6943909849290897, "learning_rate": 0.4824120634561788, "sgd_mode": 0.0640730022806758}, "datetime": {"datetime": "2018-12-11 18:14:13", "elapsed": 0.0, "delta": 0.0}}
