{"target": -65000.0, "params": {"learning_rate": 0.00708445493703152, "num_factors": 960.9028254965266, "reg": 0.9898109031520218, "sgd_mode": 0.8226037292007319}, "datetime": {"datetime": "2018-12-17 21:08:52", "elapsed": 0.0, "delta": 0.0}}
