{"target": 0.04601602169942038, "params": {"lambda_i": 0.07230648528416506, "lambda_j": 2.5610743583218234, "learning_rate": 1.5540422567729293, "sgd_mode": 0.4571042784697318}, "datetime": {"datetime": "2018-12-11 15:42:41", "elapsed": 0.0, "delta": 0.0}}
