{"target": -65000.0, "params": {"alpha": 4.1752450274808925, "factors": 543.3934492269125, "iterations": 21.239390850522046, "regularization": 0.34931822905810495}, "datetime": {"datetime": "2018-12-20 01:33:02", "elapsed": 0.0, "delta": 0.0}}
