{"target": 0.07013821461555333, "params": {"alpha": 35.257298727534156, "factors": 798.4387914498957, "iterations": 60.47993895431603, "regularization": 0.6816588904318024}, "datetime": {"datetime": "2018-12-20 02:25:45", "elapsed": 0.0, "delta": 0.0}}
