{"target": -65000.0, "params": {"alpha": 56.234857324487294, "factors": 206.01163261900854, "iterations": 66.93770154563398, "regularization": 0.4690289008823054}, "datetime": {"datetime": "2018-12-20 01:36:38", "elapsed": 0.0, "delta": 0.0}}
