{"target": -65000.0, "params": {"lambda_i": 0.2854778386315805, "lambda_j": 0.35750501292634296, "learning_rate": 1.0266356623689967, "sgd_mode": 0.12511013144816763}, "datetime": {"datetime": "2018-12-11 19:55:07", "elapsed": 0.0, "delta": 0.0}}
