{"target": 0.051375891187956504, "params": {"lambda_i": 2.9149616944920025, "lambda_j": 0.37668398647695256, "learning_rate": 0.5845340045199239, "sgd_mode": 2.702340327393683}, "datetime": {"datetime": "2018-12-10 23:22:27", "elapsed": 0.0, "delta": 0.0}}
