{"target": 0.029806688717332917, "params": {"epochs": 7.518440695618626, "lambda_i": 1.1582145560240948, "lambda_j": 1.1235375215231063, "learning_rate": 0.8651622115263461, "sgd_mode": 1.8852978712496364, "topK": 0.19920040755751378}, "datetime": {"datetime": "2018-12-08 15:54:42", "elapsed": 0.0, "delta": 0.0}}
