{"target": -65000.0, "params": {"lambda_i": 2.476454359265561, "lambda_j": 1.7353596431695026, "learning_rate": 0.1396185888263375, "sgd_mode": 0.35752702246580326}, "datetime": {"datetime": "2018-12-11 19:50:03", "elapsed": 0.0, "delta": 0.0}}
