{"target": 0.059719922641263426, "params": {"alpha": 56.544998745703346, "factors": 971.0116803320998, "iterations": 27.15468209371967, "regularization": 0.19942207355855923}, "datetime": {"datetime": "2018-12-20 03:46:58", "elapsed": 0.0, "delta": 0.0}}
