{"target": -65000.0, "params": {"alpha": 15.045600164513566, "factors": 403.8892864294522, "iterations": 46.13332685493007, "regularization": 0.20469001525688035}, "datetime": {"datetime": "2018-12-20 02:34:32", "elapsed": 0.0, "delta": 0.0}}
